-- phpMyAdmin SQL Dump
-- version 4.9.0.1
-- https://www.phpmyadmin.net/
--
-- Servidor: sql309.infinityfree.com
-- Tiempo de generación: 11-03-2025 a las 02:46:52
-- Versión del servidor: 10.6.19-MariaDB
-- Versión de PHP: 7.2.22

SET SQL_MODE = "NO_AUTO_VALUE_ON_ZERO";
SET AUTOCOMMIT = 0;
START TRANSACTION;
SET time_zone = "+00:00";


/*!40101 SET @OLD_CHARACTER_SET_CLIENT=@@CHARACTER_SET_CLIENT */;
/*!40101 SET @OLD_CHARACTER_SET_RESULTS=@@CHARACTER_SET_RESULTS */;
/*!40101 SET @OLD_COLLATION_CONNECTION=@@COLLATION_CONNECTION */;
/*!40101 SET NAMES utf8mb4 */;

--
-- Base de datos: `if0_38403974_cantonal`
--

-- --------------------------------------------------------

--
-- Estructura de tabla para la tabla `alumnos`
--

CREATE TABLE `alumnos` (
  `curp` char(18) NOT NULL,
  `primer_apellido` varchar(100) NOT NULL,
  `segundo_apellido` varchar(100) DEFAULT NULL,
  `nombres` varchar(100) NOT NULL,
  `telefono` varchar(15) DEFAULT NULL,
  `tutor` varchar(100) DEFAULT NULL,
  `niev` char(5) NOT NULL,
  `bloqueado` tinyint(1) DEFAULT 0
) ENGINE=InnoDB DEFAULT CHARSET=utf8mb4 COLLATE=utf8mb4_unicode_ci;

--
-- Volcado de datos para la tabla `alumnos`
--

INSERT INTO `alumnos` (`curp`, `primer_apellido`, `segundo_apellido`, `nombres`, `telefono`, `tutor`, `niev`, `bloqueado`) VALUES
('AABL130713MVZLSYA0', 'ALCANTARA', 'BUSTAMANTE', 'LAYLA AYELEN', NULL, NULL, '2MMWJ', 0),
('AAMG180718HVZLNLA5', 'ALVARADO', 'MENDOZA', 'GAEL', NULL, NULL, '3HVTI', 0),
('AAMR170224MVZLNNA3', 'ALVARADO', 'MENDOZA', 'RENATA', NULL, NULL, '2X22X', 0),
('AAOI141102HVZYRRA6', 'AYALA', 'ORTIZ', 'IRWING JAZIEL', NULL, NULL, '2R5K8', 0),
('AARM140106MVZLMRA8', 'ALVAREZ', 'ROMERO', 'MARIANA JULEM', NULL, NULL, '2RXMV', 0),
('AARY170213HVZLMSA7', 'ALVAREZ', 'ROMERO', 'YOSTIN DAVID', '123456789', 'Nombre del Tutor', '3LPWQ', 0),
('AATZ130106MVZRRXA2', 'ARAUJO', 'TORRES', 'ZOE YUSELMI', NULL, NULL, '2ILNF', 0),
('AEBS130426MHGRRLA4', 'ARENAS', 'BRACHO', 'SOLANGE', NULL, NULL, '2W085', 0),
('AEFK131210HVZNLVA4', 'ANGEL', 'FLORES', 'KEVIN CALEB', NULL, NULL, '2JKSF', 0),
('AEMA180222HVZCNLA1', 'ACEVEDO', 'MENDOZA', 'ALVARO ELIAN', NULL, NULL, '3L6HU', 0),
('AENB140523MVZRTRA1', 'ARENAS', 'NIETO', 'BRITANY VALERIA', NULL, NULL, '2R5NC', 0),
('AENK180505MVZRTRA6', 'ARENAS', 'NIETO', 'KARLA RUBI', NULL, NULL, '3KIHJ', 0),
('AEOM131003HVZCRTA2', 'ACEVEDO', 'OROZCO', 'MATEO ADONAI', NULL, NULL, '2JWBE', 0),
('AICA141014MVZRRRA6', 'ARRIOLA', 'CRUZ', 'ARANTZA YATZIRI', NULL, NULL, '2RX7V', 0),
('AIHV161004MVZVRNA5', 'AVILA', 'HERNANDEZ', 'VANIA', NULL, NULL, '2Y8UK', 0),
('AIMI130528HVZVRNA5', 'AVILA', 'MORALES', 'IAN KALED', NULL, NULL, '2M9HV', 0),
('AIRL160310HVZVYNA1', 'AVILA', 'REYES', 'JOSE LEON', NULL, NULL, '2Y8RS', 0),
('AOVS131022MVZNZHA9', 'ANTONIO', 'VAZQUEZ', 'SHERLYN DANAE', NULL, NULL, '2O5OC', 0),
('AUBE130807MVZQTMA6', 'AQUINO', 'BAUTISTA', 'EMILY YISEL', NULL, NULL, '2NEDN', 0),
('AUBJ160915HVZGLRA2', 'AGUILAR', 'BELLO', 'JORGE OSVALDO', NULL, NULL, '2Y0D6', 0),
('AUMD131009MVZGRNA3', 'AGUILAR', 'MORENO', 'DANIELA', NULL, NULL, '2KJ78', 0),
('AUMS160503MVZGRGA6', 'AGUILAR', 'MORENO', 'SUGEY', NULL, NULL, '2VWIC', 0),
('AURA160718HVZGXLA9', 'AGUILAR', 'ROA', 'ALFREDO RAFAEL', NULL, NULL, '2WOYU', 0),
('AURC171129MVZGYHA9', 'AGUIRRE', 'REYES', 'CHRISTIAN AZUL', NULL, NULL, '3KPSU', 0),
('AUVE160728MVZGLVA4', 'AGUILAR', 'VELASQUEZ', 'EVA', NULL, NULL, '2UEN2', 0),
('BAEA171230HVZRSNA8', 'BRAVO', 'ESQUIVEL', 'ANGEL JESUS', NULL, NULL, '3IFBQ', 0),
('BAHA140227HVZSRNA7', 'BASURTO', 'HERNANDEZ', 'ANGEL', NULL, NULL, '2NF5R', 0),
('BAJK150129MDFTMYA7', 'BAUTISTA', 'JIMENEZ', 'KEYLANI SOFIA', NULL, NULL, '2SAFR', 0),
('BAMH130624HVZCRRA8', 'BACRE', 'MIRANDA', 'HAROLD YOUSSEF', NULL, NULL, '2JWBG', 0),
('BAPA140320MVZLRDA5', 'BALDERAS', 'PORTILLO', 'MARIA ADELA', NULL, NULL, '2M6LY', 0),
('BAPG160707HVZLRRA7', 'BALDERAS', 'PORTILLO', 'GERMAN ISRAEL', NULL, NULL, '3OQJ2', 0),
('BAPK130814MVZSXTA2', 'BASILIO', 'PEÑA', 'KATIA MICHELL', NULL, NULL, '2NEDR', 0),
('BARM150220MVZTMXA7', 'BAUTISTA', 'RAMIREZ', 'MIA DELETH', NULL, NULL, '2TM1R', 0),
('BARV130502MVZTMCA8', 'BAUTISTA', 'ROMERO', 'VICTORIA', NULL, NULL, '2I2YK', 0),
('BASK130426MVZRRTA9', 'BARRERA', 'SUAREZ', 'KATERIN ROMINA', NULL, NULL, '2NEC9', 0),
('BAVV160509MVZTLLA9', 'BAUTISTA', 'VALLEJOS', 'VALENTINA', NULL, NULL, '2Y8SR', 0),
('BEPJ150122HVZRRQA6', 'BERISTAIN', 'PEREZ', 'JOAQUIN', NULL, NULL, '2W3EE', 0),
('BERE150716MVZCMRA8', 'BECERRA', 'RAMOS', 'ERIKA ALEXA', NULL, NULL, '2TYT4', 0),
('BERP170130MVZCMLA3', 'BECERRIL', 'RAMIREZ', 'PAOLA', NULL, NULL, '2XQ98', 0),
('CACB131006MVZSRTA5', 'CASTILLO', 'CRUZ', 'BETZABETH', NULL, NULL, '2J102', 0),
('CACI150813HVZSRNA6', 'CASTILLO', 'CORONA', 'IAN', NULL, NULL, '2QVYK', 0),
('CAGP180405MVZBRLA5', 'CABALLERO', 'GARCIA', 'PAULA MELISSA', NULL, NULL, '3LIP7', 0),
('CAIL161228MVZSXZA8', 'CASANOVA', 'IÑIGUEZ', 'MARIA DE LA LUZ', NULL, NULL, '2Y8VG', 0),
('CALA140701MVZRZRA2', 'CARREON', 'LOAIZA', 'ARELY YAMILETH', NULL, NULL, '2N1FA', 0),
('CALD150130HVZMPYA8', 'CAMACHO', 'LOPEZ', 'DYLAN MATTEO', NULL, NULL, '2RIZC', 0),
('CAMA180618MVZSNTA3', 'CASTRO', 'MONTORO', 'AITANA', NULL, NULL, '3IS0G', 0),
('CAOA150917MVZHLTA8', 'CHAVEZ', 'OLGUIN', 'AITANA GUADALUPE', NULL, NULL, '2TYTW', 0),
('CAPE130226HVZSRRA2', 'CASTILLO', 'PERIAÑEZ', 'ERICK NOEL', NULL, NULL, '2LKYS', 0),
('CAPN150803MVZSRLA3', 'CASTILLO', 'PERIAÑEZ', 'NELLY', NULL, NULL, '2VMQ9', 0),
('CARM171219HVZNMTA7', 'CANO', 'RAMIREZ', 'MATIAS ARTURO', NULL, NULL, '2WZ3P', 0),
('CATA140824HASBQGA3', 'CABALLERO', 'TEQUILIQUIHUA', 'AGUSTIN', NULL, NULL, '3P18F', 0),
('CAVE160923HVZHZMA3', 'CHAVEZ', 'VAZQUEZ', 'EMMANUEL', NULL, NULL, '2U5OG', 0),
('CAZI180130HVZRPNA0', 'CARREON', 'ZEPEDA', 'IAN DE JESUS', NULL, NULL, '3H5YT', 0),
('CEPL180212MVZCRXA7', 'CECILIO', 'PEREZ', 'LIA MARIEL', NULL, NULL, '3KIEA', 0),
('COAA140320MVZRNNA3', 'CORONA', 'ANICA', 'ANA ITIEL', NULL, NULL, '2S2KR', 0),
('COAA180926MVZNNLA2', 'CONTRERAS', 'ANTONIO', 'ALISSON', NULL, NULL, '3IOUU', 0),
('COGA180723HVZRRNA4', 'CORTES', 'GARCIA', 'ANGEL MATEO', NULL, NULL, '3KIIN', 0),
('COPC150806HVZLRRA5', 'COLOTLA', 'PEREZ', 'CARLOS ALEJANDRO', NULL, NULL, '2U3TF', 0),
('COPD161104HVZLRNA5', 'COLOTLA', 'PEREZ', 'DANIEL', NULL, NULL, '2XGAN', 0),
('COTM180404HVZHRTA8', 'CHONKOA', 'TORIJA', 'MATEO', NULL, NULL, '3HVTS', 0),
('COXA150608MVZXTLA9', 'COXCAHUA', 'XOTLANIHUA', 'ALEJANDRA ZOE', NULL, NULL, '2RZMV', 0),
('CUHM170817MVZRRXA9', 'DE LA CRUZ', 'HERNANDEZ', 'MIA DANERYS', NULL, NULL, '3PSBN', 0),
('CUMD140602HVZRLLA7', 'CRUZ', 'MALDONADO', 'DILAN', NULL, NULL, '2M9G7', 0),
('CURP12345678901234', 'Hernández', 'Gómez', 'Luis', '555-9012', 'Ana Gómez Vazquez', 'ABC12', 0),
('CUSD150228HVZRLLA2', 'CRUZ', 'SOLARES', 'DILLAN ADAN', NULL, NULL, '2U3TS', 0),
('CUSN130615MVZRLTA4', 'CRUZ', 'SOLARES', 'NATALIA GUADALUPE', NULL, NULL, '2KFE6', 0),
('CUSR140807MVZRNNA9', 'CRUZ', 'SANCHEZ', 'RENATA MICHELLE', NULL, NULL, '2NG17', 0),
('CUSR180925MVZRLNA2', 'CRUZ', 'SOLARES', 'RENATA VICTORIA', NULL, NULL, '3PG1Z', 0),
('CUTK180104MVZRLRA8', 'CRUZ', 'TELLO', 'KAROL GISELLE', NULL, NULL, '3PS0A', 0),
('CUVD180801HVZRRGA9', 'CRUZ', 'VERGEL', 'DIEGO', NULL, NULL, '3KIIT', 0),
('CXCA131006MVZSRRA8', 'CASTILLO', 'CRUZ', 'ARIAM', NULL, NULL, '2J0ZV', 0),
('CXCA150813HVZSRNA8', 'CASTILLO', 'CORONA', 'ANDRE', NULL, NULL, '2QVYI', 0),
('DEAL140322HVZCLSA9', 'DECTOR', 'ALVAREZ', 'LUIS NERY', NULL, NULL, '2R60H', 0),
('DECS160817MVZCNFA5', 'DECTOR', 'CONTRERAS', 'SOFIA', NULL, NULL, '2TG02', 0),
('DIRA160418MVZZMLA7', 'DIAZ', 'RAMOS', 'ALEXA', NULL, NULL, '2XF5B', 0),
('DOMJ141122HVZMRLA6', 'DOMINGUEZ', 'MARIANO', 'JULIAN RAFAEL', NULL, NULL, '2QAVP', 0),
('DUHG130923MVZRRRA6', 'DURAND', 'HERNANDEZ', 'GEORGINA', NULL, NULL, '2T54Y', 0),
('DUVS150329MTSRZFA0', 'DURAN', 'VAZQUEZ', 'SOFIA VALENTINA', NULL, NULL, '2XBVZ', 0),
('EACA150824HVZSSNA7', 'ESCAMILLA', 'CASTILLO', 'ANGEL SAUL', NULL, NULL, '2WDRV', 0),
('EASF150824MVZSNRA9', 'ESCAMILLA', 'SANCHEZ', 'FRIDA CAMILA', NULL, NULL, '2TZ6H', 0),
('EECE180917HVZSSLA8', 'ESTEBAN', 'CASTRO', 'ELYON MAXIMILIEN', NULL, NULL, '3I31G', 0),
('EUGM130923MVZGRXA6', 'EUGENIO', 'GARCIA', 'MIA ZIRLEY', NULL, NULL, '2M4Y0', 0),
('FOCJ180613HVZLRNA5', 'FLORES', 'CRUZ', 'JUAN SEBASTIAN', NULL, NULL, '3IDXY', 0),
('FOHS151122MVZLRMA9', 'FLORES', 'HERNANDEZ', 'SAMANTHA ALESSA', NULL, NULL, '2TJUE', 0),
('FOSV131114MVZLNNA7', 'FLORES', 'DE LOS SANTOS', 'VANESSA', NULL, NULL, '2LGGM', 0),
('FOVC160919MVZLLMA0', 'FLORES', 'VILLA', 'CAMILA', NULL, NULL, '2XZV7', 0),
('FUCL180412HVZNNNA4', 'FUENTES', 'CANCINO', 'LEONEL TADEO', NULL, NULL, '3KIEF', 0),
('FUVN170531MVZNZHA1', 'FUENTES', 'VAZQUEZ', 'NAHOMI', NULL, NULL, '2WZ4T', 0),
('GAAI141118HPLBLSA1', 'DE GABRIEL', 'ALVAREZ', 'ISAAC', NULL, NULL, '2SDW7', 0),
('GAEG150807HVZRSBA3', 'GARCIA', 'ESPINOZA', 'GABRIEL ITZAMNA', NULL, NULL, '2PSJB', 0),
('GAHB151013MVZRPTA7', 'GARCIA', 'HIPOLITO', 'BEATRIZ NAHOMI', NULL, NULL, '3GLV0', 0),
('GALE151210HVZRPMA7', 'GARCIA', 'LOPEZ', 'EMILIO', NULL, NULL, '2TQYY', 0),
('GALS180529MVZRPFA2', 'GARCIA', 'LOPEZ', 'SOFIA', NULL, NULL, '3KZE1', 0),
('GAPL150615HVZRXMA3', 'GARCIA', 'PEÑA', 'LIAM ISRAEL', NULL, NULL, '2U2WM', 0),
('GATC181028MVZLVRA7', 'GALLARDO', 'TOVAR', 'CRISTINA SARAHI', NULL, NULL, '3OF3M', 0),
('GATM141213HVZLVSA9', 'GALLARDO', 'TOVAR', 'MISAEL ISAY', NULL, NULL, '2R5KQ', 0),
('GAVA151009MVZRLNA9', 'GARCIA', 'VELAZQUEZ', 'ANAMARIZ', NULL, NULL, '2QPJ3', 0),
('GAVE150525HVZRLMA5', 'GARCIA', 'VALENCIA', 'EMIR', NULL, NULL, '2U7MC', 0),
('GIPJ150831HNLLRNA0', 'GILBON', 'PEREZ', 'JUAN ANDRE', NULL, NULL, '2TYW6', 0),
('GOAB130918HVZMGRA4', 'GOMEZ', 'AGUIRRE', 'BRYAN', NULL, NULL, '2JXR1', 0),
('GOAS160922HVZMGNA4', 'GOMEZ', 'AGUIRRE', 'SANTIAGO', NULL, NULL, '2TFYB', 0),
('GOPJ140310MVZMRSA2', 'GOMEZ', 'PEREZ', 'MARIA DE JESUS', NULL, NULL, '2R5NX', 0),
('GOSV171023MVZNLLA1', 'GONZALEZ', 'SILVA', 'VALERIA', NULL, NULL, '3GCAT', 0),
('GOSX150220MVZNLMA1', 'GONZALEZ', 'SILVA', 'XIMENA', NULL, NULL, '2TZ78', 0),
('GOVE150906HVZNSMA0', 'GONZALEZ', 'VASQUEZ', 'JOSE EMMANUEL', NULL, NULL, '2VPXP', 0),
('GOVG180408HVZNSLA1', 'GONZALEZ', 'VASQUEZ', 'GUILLERMO', NULL, NULL, '3ISY4', 0),
('GOVJ130212HVZNSHA9', 'GONZALEZ', 'VASQUEZ', 'JEHU ALEXANDRO', NULL, NULL, '2MJNI', 0),
('GOVK161122MVZNSRA1', 'GONZALEZ', 'VASQUEZ', 'KARIME', NULL, NULL, '2XID7', 0),
('GOVV160709MVZNZLA7', 'GONZALEZ', 'VAZQUEZ', 'VALENTINA ANALY', NULL, NULL, '2TIXH', 0),
('GOVY130415MVZNSCA5', 'GONZALEZ', 'VASQUEZ', 'YOCELIN', NULL, NULL, '2N2PV', 0),
('GUCE180210HVZTNRA1', 'GUTIERREZ', 'CONSTANTINO', 'ERICK RAFAEL', NULL, NULL, '3LFIU', 0),
('GUMF151003MVZTNRA8', 'GUTIERREZ', 'MONTERO', 'FRIDA VALERIA', NULL, NULL, '2SVM6', 0),
('GUPS140705MVZZRMA2', 'GUZMAN', 'PEREZ', 'SAMARA MERARI', NULL, NULL, '2PBYQ', 0),
('GUSV140316MVZRNCA4', 'GUERRA', 'SANTIAGO', 'VICTORIA', NULL, NULL, '2PBZ6', 0),
('GUVD140321HVZZZRA6', 'GUZMAN', 'VAZQUEZ', 'DORIAN URIEL', NULL, NULL, '2M6HY', 0),
('HEBR151212MVZRRNA2', 'HERNANDEZ', 'BARRANCO', 'RENATA', NULL, NULL, '2ROS6', 0),
('HECA141113MVZRSVA0', 'HERNANDEZ', 'CASIANO', 'AVRIL', NULL, NULL, '2PDGU', 0),
('HECL141127HVZRSMA9', 'HERNANDEZ', 'CASTRO', 'LIAM KALEB', NULL, NULL, '2SZ9W', 0),
('HECM180221HVZRRXA5', 'HERNANDEZ', 'CARMONA', 'MAXIMILIANO', NULL, NULL, '3KIEI', 0),
('HEDD171218HNERMVA7', 'HERNANDEZ', 'DOMINGUEZ', 'DAVID', NULL, NULL, '3I9GD', 0),
('HEEG160409HVZRSLA0', 'HERNANDEZ', 'ESTEBAN', 'GAEL ALEJANDRO', NULL, NULL, '2WZJV', 0),
('HEGD160922MVZRZSA9', 'HERNANDEZ', 'GUZMAN', 'DASHA RENATA', NULL, NULL, '3HXXC', 0),
('HEGM180525MVZRRRA0', 'HERNANDEZ', 'GARCIA', 'MIRANDA', NULL, NULL, '3LKB9', 0),
('HEGR150630MVZRRNA8', 'HERNANDEZ', 'GARCIA', 'RENATA', NULL, NULL, '2QPXF', 0),
('HEGS130319MVZRRNA1', 'HERNANDEZ', 'GARCIA', 'SANDRA GISEL', NULL, NULL, '2MPYC', 0),
('HEHA180327MVZRRRA8', 'HERNANDEZ', 'HERNANDEZ', 'ARIADNE', NULL, NULL, '3KPRC', 0),
('HELV140127HVZRPCA4', 'HERNANDEZ', 'LOPEZ', 'VICTOR URIEL', NULL, NULL, '2ONOP', 0),
('HEMI160121MVZRRNA5', 'HERNANDEZ', 'MORALES', 'INES ANALY', NULL, NULL, '2UOT9', 0),
('HEML181219HVZRRSA1', 'HERNANDEZ', 'MORALES', 'LUIS EMILIANO', NULL, NULL, '3L6KL', 0),
('HEMM170424MVZRRXA9', 'HERNANDEZ', 'MORALES', 'MIA CAMILA', NULL, NULL, '3L6RC', 0),
('HEMS160227MVZRTFA1', 'HERNANDEZ', 'MATIAS', 'SOFIA', NULL, NULL, '2UPVU', 0),
('HENU131125HVZRVZA0', 'HERNANDEZ', 'NAVARRO', 'UZZIEL', NULL, NULL, '2LU6Z', 0),
('HERA141107MVZRSLA1', 'HERNANDEZ', 'ROSETE', 'ALLISON MICHELL', NULL, NULL, '2SRG8', 0),
('HERA160726MVZRDBA4', 'HERNANDEZ', 'RODRIGUEZ', 'ABRIL', NULL, NULL, '2TQ0Q', 0),
('HERJ170922HVZRYNA6', 'HERNANDEZ', 'REYES', 'JUAN SANTIAGO', NULL, NULL, '2WTGL', 0),
('HESV180510MVZRNLA8', 'HERNANDEZ', 'SANTOS', 'VALENTINA', NULL, NULL, '3LPVN', 0),
('HEVM150323HVZRZTA5', 'HERNANDEZ', 'VAZQUEZ', 'MATIAS', NULL, NULL, '2SXB2', 0),
('IILV130720HVZRCCA4', 'IRIBAS', 'LICONA', 'VICTOR IKER', NULL, NULL, '2M503', 0),
('IILY180511MVZRCMA7', 'IRIBAS', 'LICONA', 'YEIMY EVELYN', NULL, NULL, '3KIJD', 0),
('JAJA130604MVZCRRA7', 'JACO', 'JUAREZ', 'ARELY VICTORIA', NULL, NULL, '2J10K', 0),
('JIIG140922MVZMSDA0', 'JIMENEZ', 'ISLAS', 'GUADALUPE', NULL, NULL, '2SUXN', 0),
('JIMJ150601HVZMRSA6', 'JIMENEZ', 'MERINO', 'JESUS SEBASTIAN', NULL, NULL, '2TZHF', 0),
('JIOC180120HVZMRRA1', 'JIMENEZ', 'ORTIZ', 'CRISTIAN ABDIEL', NULL, NULL, '3PS0N', 0),
('JUCF180323HVZRSRA0', 'JUAREZ', 'CASTILLO', 'FARID', NULL, NULL, '3I6OL', 0),
('JUCS141102HVZRRRA5', 'JUAREZ', 'CORONA', 'SERGIO GAEL', NULL, NULL, '2SQ78', 0),
('JUOE130320HVZRSMA7', 'JUAREZ', 'OSORIO', 'EMILIANO', NULL, NULL, '2MMYX', 0),
('JUPL130411HVZRRNA7', 'JUAREZ', 'PEREZ', 'LEONARDO JESUS', NULL, NULL, '2MTJB', 0),
('LACC150401HVZRLSA1', 'LARA', 'CALVILLO', 'CESAR JAFET', NULL, NULL, '2TMFE', 0),
('LADC161007HVZZLRA3', 'LAZARO', 'DELGADO', 'CRISTHIAN', NULL, NULL, '2YCKX', 0),
('LADI140603HVZZMVA5', 'LAZARO', 'DOMINGUEZ', 'IVAN ALONSO', NULL, NULL, '2R5O4', 0),
('LADR170125HVZZMDA0', 'LAZARO', 'DOMINGUEZ', 'RODRIGO', NULL, NULL, '3GCDN', 0),
('LAHL170323HVZZRSA5', 'LAZARO', 'HERNANDEZ', 'LUIS ANTONIO', NULL, NULL, '3HKKP', 0),
('LALP170322HVZRPBA7', 'LARA', 'LOPEZ', 'PABLO DANIEL', NULL, NULL, '3H98L', 0),
('LAPE181104MVZRLSA2', 'LARA', 'POLO', 'ESPERANZA', NULL, NULL, '3NEYH', 0),
('LELS181201HVZYYNA2', 'LEYVA', 'LEYVA', 'SANTIAGO', NULL, NULL, '3FOPN', 0),
('LIHA180423MVZBRNA3', 'LIBRADO', 'HERNANDEZ', 'ANYA JESSLYN', NULL, NULL, '3KIFV', 0),
('LIVL140826MVZMCNA8', 'LIMA', 'VICTORICA', 'LUNA MAILEN', NULL, NULL, '2NQVN', 0),
('LOCL160319HVZPSMA6', 'LOPEZ', 'CASTILLO', 'LIAM MANUEL', NULL, NULL, '2TPEV', 0),
('LODY160618HVZPNLA3', 'LOPEZ', 'DONADO', 'YOEL', NULL, NULL, '2W77R', 0),
('LOOA130326MVZZRLA6', 'LOZADA', 'ORTIZ', 'ALEXA STEPHANIA', NULL, NULL, '2MN03', 0),
('LORC141011HVZZVRA4', 'LOZANO', 'RIVERA', 'CRISTOPHER ARTURO', NULL, NULL, '2Q3X3', 0),
('LUAT160701HVZNPHA1', 'LUNA', 'APANECATL', 'THIAGO ABDUL', NULL, NULL, '2Y8M9', 0),
('LUCE170723HVZNRMA5', 'LUNA', 'CRUZ', 'EMILIANO', NULL, NULL, '2WTGN', 0),
('MACI131219MVZRMSA3', 'MARTINEZ', 'CAMPOS', 'ISABELLA ADAMARI', NULL, NULL, '2NLVC', 0),
('MADA150910HVZLRNA6', 'MALDONADO', 'DURAN', 'ANGEL SANTIAGO', NULL, NULL, '2S82X', 0),
('MADX140521MVZRRMA2', 'MARTINEZ', 'DURAN', 'XIMENA', NULL, NULL, '2MTWO', 0),
('MAGM171007MVZRNGA2', 'MARTINEZ', 'GONZALEZ', 'MAGDA YAMILETH', NULL, NULL, '3G9ZQ', 0),
('MAHE150819HVZRRDA7', 'MARTINEZ', 'HUERTA', 'EDSON SAID', NULL, NULL, '2S7PC', 0),
('MALA160227HVZRZBA8', 'MARTINEZ', 'LOAIZA', 'ABRAHAM', NULL, NULL, '2WPRE', 0),
('MALA161208HVZRPLA7', 'MARTINEZ', 'LOPEZ', 'ALDO ANDRE', NULL, NULL, '2XFXY', 0),
('MAPN151027MVZRRDA2', 'MARTINEZ', 'PARDO', 'NADIA', NULL, NULL, '2RJ4B', 0),
('MARJ170321HVZRMNA1', 'MARTINEZ', 'RAMIREZ', 'JUAN PABLO', NULL, NULL, '3JIFG', 0),
('MARM121208HVZRNTA2', '', '', '', '', '', '', 0),
('MASC180103MVZRNMA0', 'MARTINEZ', 'SANCHEZ', 'CAMILA', NULL, NULL, '3K7VQ', 0),
('MASN130509MVZCLTA6', 'MACHORRO', 'SOLARES', 'NATALY', NULL, NULL, '2MN04', 0),
('MASO130509HVZRCSA5', 'MARTINEZ', 'SAUCE', 'OSCAR', NULL, NULL, '2MMX4', 0),
('MATI170212HVZRRKA1', 'MARTINEZ', 'TORIJA', 'IKER ZURIEL', NULL, NULL, '3L6QC', 0),
('MATL180901MVZRLXA1', 'MARTINEZ', 'TELLEZ', 'LEA ESTEFANI', NULL, NULL, '3KIM3', 0),
('MATT161217HVZRLHA4', 'MARTINEZ', 'TELLEZ', 'THIAGO MANUEL', NULL, NULL, '2YDLY', 0),
('MATX170922MVZRRRA0', 'MARTINEZ', 'TORRES', 'XARENI ITZAMARA', NULL, NULL, '2Z9HG', 0),
('MAVE140314MVZRZSA0', 'MARTINEZ', 'VAZQUEZ', 'ESTRELLA MICHELLE', NULL, NULL, '2SAI3', 0),
('MEGN150408MVZNLMA9', 'MENDOZA', 'GIL', 'NAOMY ZOE', NULL, NULL, '2ULFN', 0),
('MEHE180814MVZDRMA3', 'MEDINA', 'HERNANDEZ', 'EMILY REBECA', NULL, NULL, '3L6I7', 0),
('MEMA170424MVZNRLA3', 'MENDOZA', 'MARCIAL', 'ALEXA ITZAYANA', NULL, NULL, '3HLI1', 0),
('MEML150703MVZNRYA8', 'MENDOZA', 'MARTINEZ', 'LYA', NULL, NULL, '2SLCC', 0),
('MERP140426MVZJBLA6', 'MEJIA', 'REBOLLEDO', 'PAULINA', NULL, NULL, '2RU2Z', 0),
('MEVE180423HDFDZDA0', 'MEDINA', 'VAZQUEZ', 'EDGAR RICARDO', NULL, NULL, '3P7FT', 0),
('MOLF140228MVZNPRA9', 'MONTES', 'LOPEZ', 'MARIA FERNANDA', NULL, NULL, '2P4BY', 0),
('MOML151025MVZRNXA6', 'MORALES', 'MENDEZ', 'LIA ARAMI', NULL, NULL, '2RVS3', 0),
('MOOB130405MVZRRRA0', 'MORALES', 'ORTIZ', 'BRIGITTE MARCELA', NULL, NULL, '2P0DP', 0),
('MOQL140327MVZNHNA2', 'MONTES', 'QUIAHUA', 'LUNA', NULL, NULL, '2NQYF', 0),
('MOSM180630HVZRLTA1', 'MORENO', 'SOLARES', 'MATEO FRANCISCO', NULL, NULL, '3LP3H', 0),
('MOVA150626MVZRNNA1', 'MORALES', 'VENTURA', 'ANEL ZAIRETH', NULL, NULL, '2W3GS', 0),
('MUVD181116HVZNSNA9', 'MUNGUIA', 'VASQUEZ', 'DANIEL', NULL, NULL, '3KIMS', 0),
('MUVS150101HVZNSNA5', 'MUNGUIA', 'VASQUEZ', 'SANTIAGO', NULL, NULL, '2TYYV', 0),
('NASA140706HVZVNLA4', 'NAVA', 'SANCHEZ', 'ALEXIS KARIM', NULL, NULL, '2RJ0T', 0),
('OERC150430HVZRMRA3', 'ORTEGA', 'RAMOS', 'CRISTIAN JAEL', NULL, NULL, '2VW5L', 0),
('OERY170414HVZJSNA8', 'OJEDA', 'ROSAS', 'YOAN DE JESUS', NULL, NULL, '2Z4LV', 0),
('OIHL181207MVZRRSA7', 'ORTIZ', 'HERNANDEZ', 'LOUISE ABRIL', NULL, NULL, '3IIT4', 0),
('OIJL160714MVZLRZA9', 'OLIVARES', 'JUAREZ', 'LUZ BLANQUITA', NULL, NULL, '3OEKB', 0),
('OISI180811MVZLNRA8', 'OLIVERA', 'SANCHEZ', 'IRLANDA', NULL, NULL, '3FTDB', 0),
('OORA160721MVZSMDA1', 'OSORIO', 'ROMERO', 'ADEL NATALIA', NULL, NULL, '2U5PV', 0),
('OOTE180620HVZNLBA3', 'ONOFRE', 'TLEHUACTLE', 'EBER DANIEL', NULL, NULL, '3FXE9', 0),
('OOTM150612HVZNLTA7', 'ONOFRE', 'TLEHUACTLE', 'MATEO NICOLAS', NULL, NULL, '2S8XS', 0),
('OUAD140709MVZLNLA8', 'OLGUIN', 'ANDRADE', 'DULCE AMADA', NULL, NULL, '2SDWG', 0),
('OUAN171217MVZLNTA3', 'OLGUIN', 'ANDRADE', 'NATHALIA ESMERALDA', NULL, NULL, '3HKMQ', 0),
('PACM170908MVZLRLA8', 'PALACIOS', 'CORONA', 'MELANIE ARLETH', NULL, NULL, '3G5MN', 0),
('PAEG130701MVZLSLA9', 'PALESTINO', 'ESTRADA', 'GALILEA GETSEMANI', NULL, NULL, '2NFP9', 0),
('PARC140627MVZLVLA7', 'PAULIN', 'RIVERA', 'CLAUDIA DE JESUS', NULL, NULL, '2M97N', 0),
('PATL160623HVZLRMA3', 'PALAFOX', 'TORRES', 'LIAM MATHEO', NULL, NULL, '2Y8LL', 0),
('PEGY180720HVZRMHA3', 'PERIAÑEZ', 'GOMEZ', 'YAHIR', NULL, NULL, '3KB0F', 0),
('PEJA180906HVZXMNA6', 'PEÑA', 'JIMENEZ', 'ANDRE', NULL, NULL, '3KIMU', 0),
('PEJI161215HVZXMNA6', 'PEÑA', 'JIMENEZ', 'IAN GAEL', NULL, NULL, '2Y8WV', 0),
('PELJ140811MVZRNSA5', 'PEREZ', 'LUNA', 'MARIA JOSE', NULL, NULL, '2OP12', 0),
('PELN160606HVZRNCA7', 'PEREZ', 'LUNA', 'NICOLAS', NULL, NULL, '2VEBD', 0),
('PERK160630MVZRYRA8', 'PEREZ', 'REYES', 'KRISTELL ROMINA', NULL, NULL, '2Y4CB', 0),
('PEVJ160613HVZRLRA8', 'PEREZ', 'VALLADOLID', 'JORGE EDUARDO', NULL, NULL, '2VWCO', 0),
('PEVT130917MVZRLNA8', 'PEREZ', 'VALLADOLID', 'TANIA', NULL, NULL, '2KVZT', 0),
('PICI130322HVZXRNA3', 'PIÑA', 'CRUZ', 'IANN SANTIAGO', NULL, NULL, '2M4ZX', 0),
('POMK130917MVZNRRA3', 'PONCIANO', 'MARTINEZ', 'KARLA DENISSE', NULL, NULL, '2K8IJ', 0),
('QURL180716MVZZYNA0', 'QUIZEHUAL', 'REYES', 'LUNA SOFIA', NULL, NULL, '3JOOP', 0),
('RACK180528HVZMBLA6', 'RAMIREZ', 'CABRERA', 'KAEL SEBASTIAN', NULL, 'GERARDO RAMIREZ HEREDIA', '3KIMR', 0),
('RAGM150103HVZMRCA9', 'RAMIREZ', 'GARCIA', 'MICHAELL RONALDO', NULL, NULL, '2RC1H', 0),
('RAOI160508HVZMRNA0', 'RAMIREZ', 'ORTIZ', 'IAN ZADKIEL', NULL, NULL, '2Y8SN', 0),
('REGJ161220HVZZRRA9', 'REZA', 'GARCIA', 'JORDAN ALAIN', NULL, NULL, '2YCD5', 0),
('REHA160211MVZYRTA0', 'REYES', 'HERNANDEZ', 'AITHANA', NULL, NULL, '3PT3M', 0),
('RELL141013HVZYZNA8', 'REYERO', 'LOZADA', 'LEONEL', NULL, NULL, '2M95G', 0),
('REMJ170522HVZYRLA7', 'REYES', 'MARTINEZ', 'JULIO CESAR', NULL, NULL, '3OECW', 0),
('REVA171207MVZYLNA0', 'REYES', 'VELAZQUEZ', 'ANDREA MIRANDA', NULL, NULL, '3GTL6', 0),
('REVD130321MVZYLNA2', 'REYES', 'VELAZQUEZ', 'DANA', NULL, NULL, '2IV8P', 0),
('REVS160707MVZYLFA9', 'REYES', 'VELAZQUEZ', 'SOFIA', NULL, NULL, '3G45H', 0),
('RIMC140518HVZVRHA6', 'RIVERA', 'MORALES', 'CHRISTIAN ALEXANDER', NULL, NULL, '2OTJ0', 0),
('RINT140707MVZVTHA9', 'RIVERA', 'NIETO', 'THAELIZ', NULL, NULL, '2Q53Q', 0),
('ROBX130312MVZDRMA2', 'RODRIGUEZ', 'BRUNO', 'XIMENA', NULL, NULL, '2KYO5', 0),
('ROCI170802HVZJRKA5', 'ROJAS', 'CERON', 'IKER', NULL, NULL, '3GVGE', 0),
('RODB131213HVZMMRA6', 'ROMERO', 'DOMINGUEZ', 'BRIAN ADOLFO', NULL, NULL, '2M98V', 0),
('ROGA170206HVZDMZA7', 'RODRIGUEZ', 'GOMEZ', 'AZAEL', NULL, NULL, '2WT91', 0),
('ROHM150926HVZJRTA4', 'ROJAS', 'HERNANDEZ', 'MATEO ALEXIS', NULL, NULL, '2SLAB', 0),
('ROHM170329HVZJRTA7', 'ROJAS', 'HERNANDEZ', 'MATIAS ALEJANDRO', NULL, NULL, '2YAJ7', 0),
('ROJM150908HVZMMTA3', 'ROMERO', 'JIMENEZ', 'MATEO', NULL, NULL, '2TM25', 0),
('ROMA180907MVZDNNA7', 'RODRIGUEZ', 'MENDOZA', 'ANTONELLA', NULL, NULL, '3KUWQ', 0),
('ROMY131129MVZCNLA6', 'ROCHA', 'MENDEZ', 'YELITZA', NULL, NULL, '2M443', 0),
('ROOA130226HVZJRRA5', 'ROJAS', 'OROZCO', 'ARES SEBASTIAN', NULL, NULL, '2P0CU', 0),
('ROOA160912MVZSLTA7', 'ROSAS', 'OLSIN', 'AITHANA', NULL, NULL, '2WD26', 0),
('ROOJ170108HVZMRSA3', 'ROMERO', 'ORTEGA', 'JESUS ISRAEL', NULL, NULL, '3H6EN', 0),
('ROOT130510HVZSLHA7', 'ROSAS', 'OLSIN', 'THIAGO', NULL, NULL, '2K8JG', 0),
('ROPV180507HBSDBCA7', 'RODRIGUEZ', 'POBLANO', 'VICTOR ETIENNE', NULL, NULL, '3PS1D', 0),
('RORA141001MVZMMRA8', 'ROMERO', 'ROMERO', 'ARANTZA', NULL, NULL, '2R5IP', 0),
('RORK160417HVZDMRA1', 'RODRIGUEZ', 'RAMOS', 'KRISTIAN CAMILO', NULL, NULL, '2Y8SD', 0),
('ROVA151228HVZJLNA0', 'ROJAS', 'VILLEGAS', 'JOSE ANTONIO', NULL, NULL, '2TRGC', 0),
('RUDC130708HVZZZHA8', 'RUIZ', 'DIAZ', 'CHRISTIAN RAFAEL', NULL, NULL, '2PGU8', 0),
('SAAC160318HVZNRRA4', 'SANTIAGO', 'ARELLANO', 'CARLOS TADEO', NULL, NULL, '2VWCS', 0),
('SAAR180422MVZNGNA4', 'SANTIAGO', 'AGUILAR', 'RENATA ISABELLA', NULL, NULL, '3JX8E', 0),
('SABE140719MVZNSVA5', 'SANTIAGO', 'BUSTOS', 'EVELYN JAIDEN', NULL, NULL, '2O2DL', 0),
('SABV131228MVZLRNA1', 'SALAZAR', 'BRUNO', 'VANESSA', NULL, NULL, '2PCXA', 0),
('SACB150227HVZNRRA0', 'DE LOS SANTOS', 'CARPINTEYRO', 'BRIAN EMANUEL', NULL, NULL, '2TZ67', 0),
('SACE130615MVZNRLA6', 'SANCHEZ', 'CARREÑO', 'ELENA SHERLYN', NULL, NULL, '2M6UX', 0),
('SACG150129MDFNHNA6', 'SANTIAGO', 'CHAVEZ', 'GENESIS ARANTZA', NULL, NULL, '2RIZU', 0),
('SADO140122HVZLRWA8', 'SALCEDO', 'DURAN', 'OWEN DANIEL', NULL, NULL, '2M44C', 0),
('SAFM171222HVZNRTA8', 'SANCHEZ', 'FREGOZO', 'MATEO SEBASTIAN', NULL, NULL, '2WTFZ', 0),
('SAGF130926MVZNRLA5', 'SANCHEZ', 'GARCIA', 'FLOR DE DALIA', NULL, NULL, '2M75F', 0),
('SAMB130620HVZNRNA0', 'SANCHEZ', 'MORALES', 'BENNY GAEL', NULL, NULL, '2M68O', 0),
('SAMB170307HVZNNSA0', 'SANCHEZ', 'MENDEZ', 'BASTIAN SAYD', NULL, NULL, '3GCFI', 0),
('SAMG130103HVZNRVA6', 'SANCHEZ', 'MURILLO', 'GIOVANNI', NULL, NULL, '2K2KX', 0),
('SAMR130630MVZNRNA5', 'SANTAMARIA', 'MORALES', 'RENATA', NULL, NULL, '2LQTH', 0),
('SAMV130617MVZNRCA5', 'SANCHEZ', 'MORA', 'VICTORIA MONTSERRAT', NULL, NULL, '2NT9K', 0),
('SAPH181126HVZNRGA1', 'SANCHEZ', 'PERALTA', 'HUGO YAMIL', NULL, NULL, '3J1AP', 0),
('SAZS170127MVZLRTA5', 'SALINAS', 'ZARATE', 'STEPHANY', NULL, NULL, '3LUUQ', 0),
('SEEI170620MVZNSVA2', 'SENTIES', 'ESPINOZA', 'IVANNA', NULL, NULL, '2Z6I0', 0),
('SILL131218HVZLCSA6', 'SILVA', 'LUCIANO', 'LUIS ANDANI', NULL, NULL, '2M44A', 0),
('SILR150416MVZLCMA4', 'SILVA', 'LUCIANO', 'ROMINA', NULL, NULL, '2SITQ', 0),
('SOAK180214MVZRRRA5', 'SORIANO', 'ARENAS', 'KARIME VALENTINA', NULL, NULL, '3KIGS', 0),
('SOJI181225HVZLSKA5', 'SOLARES', 'DE JESUS', 'IKER EMILIANO', NULL, NULL, '3PIX4', 0),
('SOJS141215HVZLSNA3', 'SOLANO', 'DE JESUS', 'SANTIAGO', NULL, NULL, '2R5MJ', 0),
('SOMM180713MVZTLXA7', 'SOTO', 'MALDONADO', 'MIA VICTORIA', NULL, NULL, '3KIJY', 0),
('SORZ160819HVZLQRA1', 'SOLANO', 'ROQUE', 'ZURIEL SEBASTIAN', NULL, NULL, '2Y000', 0),
('TECD170406HVZTSNA1', 'TETLACTLE', 'CASTAÑEDA', 'DANIEL', NULL, NULL, '3GJ34', 0),
('TECV151021MVZTSNA9', 'TETLACTLE', 'CASTAÑEDA', 'VANESSA', NULL, NULL, '2TM24', 0),
('TIMA140731MVZRRRA8', 'DE LA TRINIDAD', 'MORALES', 'ARELY ALESSANDRA', NULL, NULL, '2S93T', 0),
('TOCR130304HVZRRFA8', 'TORIJA', 'CRUZ', 'RAFAEL ALEXANDER', NULL, NULL, '2N31I', 0),
('UINV160305MVZRRLA7', 'URBIETA', 'NARANJO', 'VALENTINA MARUGENIA', NULL, NULL, '3LEY7', 0),
('VAAM140314MVZSLRA0', 'VASQUEZ', 'ALELUYA', 'MARIJOSE', NULL, NULL, '2MW2S', 0),
('VAAM160727MVZLNYA4', 'VALENCIA', 'ANTONIO', 'MAYRANI ANAHI', NULL, NULL, '2Y8MV', 0),
('VAGL181016HVZLNNA7', 'VALVERDE', 'GONZALEZ', 'LEONARDO', NULL, NULL, '3GUVY', 0),
('VAGN130408MVZSNCA5', 'VASQUEZ', 'GONZALEZ', 'NICOLLE', NULL, NULL, '2M9EN', 0),
('VAHA130416MVZSRRA4', 'VASQUEZ', 'HERNANDEZ', 'ARIEL', NULL, NULL, '2NED8', 0),
('VARL160905MVZLDCA6', 'VALERA', 'RODRIGUEZ', 'LUCIA MISHELLE', NULL, NULL, '2YD4B', 0),
('VEEL180509MVZRLSA6', 'VERA', 'ELIAS', 'LISSA', NULL, NULL, '3KIKB', 0),
('VEFA170520MVZLLNA2', 'VELAZQUEZ', 'FLORENCIO', 'ANEL', NULL, NULL, '3OEBK', 0),
('VEFI140417HVZLLSA1', 'VELAZQUEZ', 'FLORENCIO', 'ISAAC', NULL, NULL, '2YRMI', 0),
('VEMS160805HVZLRNA2', 'VELASCO', 'MORALES', 'SANTIAGO', NULL, NULL, '2U6Z7', 0),
('VIVM120515HVZVRSA1', 'VIVAR', 'VERA', 'MOISES DE JESUS', NULL, NULL, '2I9W4', 0),
('YOGM160521HVZNVNA5', 'YONCA', 'GUEVARA', 'MANUEL IÑAKY', NULL, NULL, '2WAP3', 0),
('ZECK130506MVZTSRA4', 'ZETINA', 'CASAS', 'KAROL DANELY', NULL, NULL, '2L4ME', 0),
('ZERA170211MVZPVRA2', 'ZEPAHUA', 'RIVERA', 'ARIANNA', NULL, NULL, '3GCF1', 0),
('ZOAJ180815MVZPLDA2', 'ZOPIYACTLE', 'ALEJOS', 'JADE ABIGAIL', NULL, NULL, '3GRG6', 0);

-- --------------------------------------------------------

--
-- Estructura de tabla para la tabla `cambios_pendientes`
--

CREATE TABLE `cambios_pendientes` (
  `id` int(11) NOT NULL,
  `curp_alumno` varchar(18) CHARACTER SET latin1 COLLATE latin1_swedish_ci NOT NULL,
  `campo_modificado` varchar(50) CHARACTER SET latin1 COLLATE latin1_swedish_ci NOT NULL,
  `valor_original` text CHARACTER SET latin1 COLLATE latin1_swedish_ci DEFAULT NULL,
  `valor_nuevo` text CHARACTER SET latin1 COLLATE latin1_swedish_ci DEFAULT NULL,
  `fecha_modificacion` datetime DEFAULT current_timestamp()
) ENGINE=MyISAM DEFAULT CHARSET=utf8mb4 COLLATE=utf8mb4_unicode_ci;

-- --------------------------------------------------------

--
-- Estructura de tabla para la tabla `ciclos_escolares`
--

CREATE TABLE `ciclos_escolares` (
  `nombre` varchar(9) NOT NULL,
  `es_actual` tinyint(1) DEFAULT 0,
  `es_siguiente` tinyint(1) DEFAULT 0
) ENGINE=InnoDB DEFAULT CHARSET=utf8mb4 COLLATE=utf8mb4_unicode_ci;

--
-- Volcado de datos para la tabla `ciclos_escolares`
--

INSERT INTO `ciclos_escolares` (`nombre`, `es_actual`, `es_siguiente`) VALUES
('2023-2024', 0, 0),
('2024-2025', 1, 0),
('2025-2026', 0, 1);

-- --------------------------------------------------------

--
-- Estructura de tabla para la tabla `configuracion`
--

CREATE TABLE `configuracion` (
  `id` int(11) NOT NULL,
  `ciclo_actual` varchar(9) DEFAULT NULL,
  `ciclo_siguiente` varchar(9) DEFAULT NULL,
  `limite_alumnos_grado` longtext CHARACTER SET utf8mb4 COLLATE utf8mb4_bin DEFAULT NULL
) ;

-- --------------------------------------------------------

--
-- Estructura de tabla para la tabla `docentes`
--

CREATE TABLE `docentes` (
  `id` int(11) NOT NULL,
  `nombre` varchar(100) NOT NULL,
  `primer_apellido` varchar(100) NOT NULL,
  `segundo_apellido` varchar(100) DEFAULT NULL,
  `direccion` text DEFAULT NULL,
  `telefono` varchar(15) DEFAULT NULL
) ENGINE=InnoDB DEFAULT CHARSET=utf8mb4 COLLATE=utf8mb4_unicode_ci;

--
-- Volcado de datos para la tabla `docentes`
--

INSERT INTO `docentes` (`id`, `nombre`, `primer_apellido`, `segundo_apellido`, `direccion`, `telefono`) VALUES
(1, 'María', 'García', 'López', 'Calle 123, Ciudad', '555-1234'),
(2, 'LAURA ANAHÍ', 'CRUZ', 'BERISTAIN', NULL, '123456789');

-- --------------------------------------------------------

--
-- Estructura de tabla para la tabla `grupos`
--

CREATE TABLE `grupos` (
  `id` int(11) NOT NULL,
  `grado` int(11) NOT NULL,
  `grupo` char(1) NOT NULL,
  `id_docente` int(11) DEFAULT NULL,
  `ciclo` varchar(9) DEFAULT NULL,
  `capacidad_maxima` int(11) DEFAULT 32
) ENGINE=InnoDB DEFAULT CHARSET=utf8mb4 COLLATE=utf8mb4_unicode_ci;

--
-- Volcado de datos para la tabla `grupos`
--

INSERT INTO `grupos` (`id`, `grado`, `grupo`, `id_docente`, `ciclo`, `capacidad_maxima`) VALUES
(1, 1, 'A', 1, '2024-2025', 32),
(2, 1, 'B', 1, '2024-2025', 32),
(3, 2, 'A', 1, '2025-2026', 32),
(4, 3, 'A', 2, '2025-2026', 30);

-- --------------------------------------------------------

--
-- Estructura de tabla para la tabla `historico`
--

CREATE TABLE `historico` (
  `curp_alumno` char(18) NOT NULL,
  `ciclo` varchar(9) NOT NULL,
  `grado` int(11) NOT NULL,
  `grupo` char(1) NOT NULL,
  `promedio` float DEFAULT 0,
  `estatus` enum('Aprobado','Reprobado') DEFAULT 'Aprobado'
) ENGINE=InnoDB DEFAULT CHARSET=utf8mb4 COLLATE=utf8mb4_unicode_ci;

--
-- Volcado de datos para la tabla `historico`
--

INSERT INTO `historico` (`curp_alumno`, `ciclo`, `grado`, `grupo`, `promedio`, `estatus`) VALUES
('AABL130713MVZLSYA0', '2024-2025', 6, 'B', 0, 'Aprobado'),
('AAMG180718HVZLNLA5', '2024-2025', 1, 'C', 0, 'Aprobado'),
('AAMR170224MVZLNNA3', '2024-2025', 2, 'B', 0, 'Aprobado'),
('AAOI141102HVZYRRA6', '2024-2025', 5, 'B', 0, 'Aprobado'),
('AARM140106MVZLMRA8', '2024-2025', 5, 'B', 0, 'Aprobado'),
('AARY170213HVZLMSA7', '2024-2025', 2, 'A', 0, 'Aprobado'),
('AATZ130106MVZRRXA2', '2024-2025', 6, 'A', 0, 'Aprobado'),
('AEBS130426MHGRRLA4', '2024-2025', 6, 'B', 0, 'Aprobado'),
('AEFK131210HVZNLVA4', '2024-2025', 6, 'A', 0, 'Aprobado'),
('AEMA180222HVZCNLA1', '2024-2025', 1, 'A', 0, 'Aprobado'),
('AENB140523MVZRTRA1', '2024-2025', 5, 'A', 0, 'Aprobado'),
('AENK180505MVZRTRA6', '2024-2025', 1, 'A', 0, 'Aprobado'),
('AEOM131003HVZCRTA2', '2024-2025', 6, 'A', 0, 'Aprobado'),
('AICA141014MVZRRRA6', '2024-2025', 5, 'A', 0, 'Aprobado'),
('AIHV161004MVZVRNA5', '2024-2025', 3, 'A', 0, 'Aprobado'),
('AIMI130528HVZVRNA5', '2024-2025', 6, 'B', 0, 'Aprobado'),
('AIRL160310HVZVYNA1', '2024-2025', 3, 'B', 0, 'Aprobado'),
('AOVS131022MVZNZHA9', '2024-2025', 6, 'B', 0, 'Aprobado'),
('AUBE130807MVZQTMA6', '2024-2025', 6, 'B', 0, 'Aprobado'),
('AUBJ160915HVZGLRA2', '2024-2025', 3, 'B', 0, 'Aprobado'),
('AUMD131009MVZGRNA3', '2024-2025', 6, 'B', 0, 'Aprobado'),
('AUMS160503MVZGRGA6', '2024-2025', 3, 'B', 0, 'Aprobado'),
('AURA160718HVZGXLA9', '2024-2025', 3, 'A', 0, 'Aprobado'),
('AURC171129MVZGYHA9', '2024-2025', 2, 'A', 0, 'Aprobado'),
('AUVE160728MVZGLVA4', '2024-2025', 3, 'B', 0, 'Aprobado'),
('BAEA171230HVZRSNA8', '2024-2025', 2, 'B', 0, 'Aprobado'),
('BAHA140227HVZSRNA7', '2024-2025', 5, 'B', 0, 'Aprobado'),
('BAJK150129MDFTMYA7', '2024-2025', 4, 'A', 0, 'Aprobado'),
('BAMH130624HVZCRRA8', '2024-2025', 6, 'B', 0, 'Aprobado'),
('BAPA140320MVZLRDA5', '2024-2025', 5, 'B', 0, 'Aprobado'),
('BAPG160707HVZLRRA7', '2024-2025', 3, 'B', 0, 'Aprobado'),
('BAPK130814MVZSXTA2', '2024-2025', 6, 'A', 0, 'Aprobado'),
('BARM150220MVZTMXA7', '2024-2025', 4, 'A', 0, 'Aprobado'),
('BARV130502MVZTMCA8', '2024-2025', 6, 'B', 0, 'Aprobado'),
('BASK130426MVZRRTA9', '2024-2025', 6, 'B', 0, 'Aprobado'),
('BAVV160509MVZTLLA9', '2024-2025', 3, 'B', 0, 'Aprobado'),
('BEPJ150122HVZRRQA6', '2024-2025', 4, 'B', 0, 'Aprobado'),
('BERE150716MVZCMRA8', '2024-2025', 4, 'B', 0, 'Aprobado'),
('BERP170130MVZCMLA3', '2024-2025', 2, 'A', 0, 'Aprobado'),
('CACB131006MVZSRTA5', '2024-2025', 6, 'B', 0, 'Aprobado'),
('CACI150813HVZSRNA6', '2024-2025', 4, 'A', 0, 'Aprobado'),
('CAGP180405MVZBRLA5', '2024-2025', 1, 'B', 0, 'Aprobado'),
('CAIL161228MVZSXZA8', '2024-2025', 3, 'A', 0, 'Aprobado'),
('CALA140701MVZRZRA2', '2024-2025', 5, 'A', 0, 'Aprobado'),
('CALD150130HVZMPYA8', '2024-2025', 4, 'A', 0, 'Aprobado'),
('CAMA180618MVZSNTA3', '2024-2025', 1, 'A', 0, 'Aprobado'),
('CAOA150917MVZHLTA8', '2024-2025', 4, 'B', 0, 'Aprobado'),
('CAPE130226HVZSRRA2', '2024-2025', 6, 'A', 0, 'Aprobado'),
('CAPN150803MVZSRLA3', '2024-2025', 4, 'A', 0, 'Aprobado'),
('CARM171219HVZNMTA7', '2024-2025', 1, 'B', 0, 'Aprobado'),
('CATA140824HASBQGA3', '2024-2025', 5, 'B', 0, 'Aprobado'),
('CAVE160923HVZHZMA3', '2024-2025', 3, 'A', 0, 'Aprobado'),
('CAZI180130HVZRPNA0', '2024-2025', 1, 'B', 0, 'Aprobado'),
('CEPL180212MVZCRXA7', '2024-2025', 1, 'B', 0, 'Aprobado'),
('COAA140320MVZRNNA3', '2024-2025', 5, 'A', 0, 'Aprobado'),
('COAA180926MVZNNLA2', '2024-2025', 1, 'C', 0, 'Aprobado'),
('COGA180723HVZRRNA4', '2024-2025', 1, 'B', 0, 'Aprobado'),
('COPC150806HVZLRRA5', '2024-2025', 4, 'B', 0, 'Aprobado'),
('COPD161104HVZLRNA5', '2024-2025', 3, 'A', 0, 'Aprobado'),
('COTM180404HVZHRTA8', '2024-2025', 1, 'A', 0, 'Aprobado'),
('COXA150608MVZXTLA9', '2024-2025', 4, 'A', 0, 'Aprobado'),
('CUHM170817MVZRRXA9', '2024-2025', 2, 'A', 0, 'Aprobado'),
('CUMD140602HVZRLLA7', '2024-2025', 5, 'B', 0, 'Aprobado'),
('CURP12345678901234', '2023-2024', 1, 'A', 8.5, 'Aprobado'),
('CURP12345678901234', '2024-2025', 2, 'A', 0, 'Aprobado'),
('CUSD150228HVZRLLA2', '2024-2025', 4, 'A', 0, 'Aprobado'),
('CUSN130615MVZRLTA4', '2024-2025', 6, 'A', 0, 'Aprobado'),
('CUSR140807MVZRNNA9', '2024-2025', 5, 'A', 0, 'Aprobado'),
('CUSR180925MVZRLNA2', '2024-2025', 1, 'A', 0, 'Aprobado'),
('CUTK180104MVZRLRA8', '2024-2025', 1, 'B', 0, 'Aprobado'),
('CUVD180801HVZRRGA9', '2024-2025', 1, 'C', 0, 'Aprobado'),
('CXCA131006MVZSRRA8', '2024-2025', 6, 'B', 0, 'Aprobado'),
('CXCA150813HVZSRNA8', '2024-2025', 4, 'B', 0, 'Aprobado'),
('DEAL140322HVZCLSA9', '2024-2025', 5, 'A', 0, 'Aprobado'),
('DECS160817MVZCNFA5', '2024-2025', 3, 'A', 0, 'Aprobado'),
('DIRA160418MVZZMLA7', '2024-2025', 3, 'A', 0, 'Aprobado'),
('DOMJ141122HVZMRLA6', '2024-2025', 5, 'B', 0, 'Aprobado'),
('DUHG130923MVZRRRA6', '2024-2025', 6, 'A', 0, 'Aprobado'),
('DUVS150329MTSRZFA0', '2024-2025', 4, 'A', 0, 'Aprobado'),
('EACA150824HVZSSNA7', '2024-2025', 4, 'A', 0, 'Aprobado'),
('EASF150824MVZSNRA9', '2024-2025', 4, 'A', 0, 'Aprobado'),
('EECE180917HVZSSLA8', '2024-2025', 1, 'A', 0, 'Aprobado'),
('EUGM130923MVZGRXA6', '2024-2025', 6, 'A', 0, 'Aprobado'),
('FOCJ180613HVZLRNA5', '2024-2025', 1, 'B', 0, 'Aprobado'),
('FOHS151122MVZLRMA9', '2024-2025', 4, 'B', 0, 'Aprobado'),
('FOSV131114MVZLNNA7', '2024-2025', 6, 'B', 0, 'Aprobado'),
('FOVC160919MVZLLMA0', '2024-2025', 3, 'B', 0, 'Aprobado'),
('FUCL180412HVZNNNA4', '2024-2025', 1, 'C', 0, 'Aprobado'),
('FUVN170531MVZNZHA1', '2024-2025', 2, 'B', 0, 'Aprobado'),
('GAAI141118HPLBLSA1', '2024-2025', 5, 'B', 0, 'Aprobado'),
('GAEG150807HVZRSBA3', '2024-2025', 4, 'B', 0, 'Aprobado'),
('GAHB151013MVZRPTA7', '2024-2025', 4, 'B', 0, 'Aprobado'),
('GALE151210HVZRPMA7', '2024-2025', 4, 'A', 0, 'Aprobado'),
('GALS180529MVZRPFA2', '2024-2025', 1, 'A', 0, 'Aprobado'),
('GAPL150615HVZRXMA3', '2024-2025', 4, 'A', 0, 'Aprobado'),
('GATC181028MVZLVRA7', '2024-2025', 1, 'C', 0, 'Aprobado'),
('GATM141213HVZLVSA9', '2024-2025', 5, 'A', 0, 'Aprobado'),
('GAVA151009MVZRLNA9', '2024-2025', 4, 'B', 0, 'Aprobado'),
('GAVE150525HVZRLMA5', '2024-2025', 4, 'B', 0, 'Aprobado'),
('GIPJ150831HNLLRNA0', '2024-2025', 4, 'B', 0, 'Aprobado'),
('GOAB130918HVZMGRA4', '2024-2025', 6, 'B', 0, 'Aprobado'),
('GOAS160922HVZMGNA4', '2024-2025', 3, 'B', 0, 'Aprobado'),
('GOPJ140310MVZMRSA2', '2024-2025', 5, 'B', 0, 'Aprobado'),
('GOSV171023MVZNLLA1', '2024-2025', 2, 'A', 0, 'Aprobado'),
('GOSX150220MVZNLMA1', '2024-2025', 4, 'A', 0, 'Aprobado'),
('GOVE150906HVZNSMA0', '2024-2025', 4, 'B', 0, 'Aprobado'),
('GOVG180408HVZNSLA1', '2024-2025', 1, 'B', 0, 'Aprobado'),
('GOVJ130212HVZNSHA9', '2024-2025', 6, 'A', 0, 'Aprobado'),
('GOVK161122MVZNSRA1', '2024-2025', 3, 'A', 0, 'Aprobado'),
('GOVV160709MVZNZLA7', '2024-2025', 3, 'B', 0, 'Aprobado'),
('GOVY130415MVZNSCA5', '2024-2025', 6, 'B', 0, 'Aprobado'),
('GUCE180210HVZTNRA1', '2024-2025', 1, 'C', 0, 'Aprobado'),
('GUMF151003MVZTNRA8', '2024-2025', 4, 'A', 0, 'Aprobado'),
('GUPS140705MVZZRMA2', '2024-2025', 5, 'A', 0, 'Aprobado'),
('GUSV140316MVZRNCA4', '2024-2025', 5, 'B', 0, 'Aprobado'),
('GUVD140321HVZZZRA6', '2024-2025', 5, 'A', 0, 'Aprobado'),
('HEBR151212MVZRRNA2', '2024-2025', 4, 'A', 0, 'Aprobado'),
('HECA141113MVZRSVA0', '2024-2025', 5, 'A', 0, 'Aprobado'),
('HECL141127HVZRSMA9', '2024-2025', 5, 'A', 0, 'Aprobado'),
('HECM180221HVZRRXA5', '2024-2025', 1, 'A', 0, 'Aprobado'),
('HEDD171218HNERMVA7', '2024-2025', 2, 'B', 0, 'Aprobado'),
('HEEG160409HVZRSLA0', '2024-2025', 3, 'A', 0, 'Aprobado'),
('HEGD160922MVZRZSA9', '2024-2025', 3, 'A', 0, 'Aprobado'),
('HEGM180525MVZRRRA0', '2024-2025', 1, 'C', 0, 'Aprobado'),
('HEGR150630MVZRRNA8', '2024-2025', 4, 'A', 0, 'Aprobado'),
('HEGS130319MVZRRNA1', '2024-2025', 6, 'A', 0, 'Aprobado'),
('HEHA180327MVZRRRA8', '2024-2025', 1, 'A', 0, 'Aprobado'),
('HELV140127HVZRPCA4', '2024-2025', 5, 'B', 0, 'Aprobado'),
('HEMI160121MVZRRNA5', '2024-2025', 3, 'B', 0, 'Aprobado'),
('HEML181219HVZRRSA1', '2024-2025', 1, 'C', 0, 'Aprobado'),
('HEMM170424MVZRRXA9', '2024-2025', 2, 'A', 0, 'Aprobado'),
('HEMS160227MVZRTFA1', '2024-2025', 3, 'B', 0, 'Aprobado'),
('HENU131125HVZRVZA0', '2024-2025', 6, 'B', 0, 'Aprobado'),
('HERA141107MVZRSLA1', '2024-2025', 5, 'A', 0, 'Aprobado'),
('HERA160726MVZRDBA4', '2024-2025', 3, 'A', 0, 'Aprobado'),
('HERJ170922HVZRYNA6', '2024-2025', 2, 'B', 0, 'Aprobado'),
('HESV180510MVZRNLA8', '2024-2025', 1, 'B', 0, 'Aprobado'),
('HEVM150323HVZRZTA5', '2024-2025', 4, 'B', 0, 'Aprobado'),
('IILV130720HVZRCCA4', '2024-2025', 6, 'A', 0, 'Aprobado'),
('IILY180511MVZRCMA7', '2024-2025', 1, 'C', 0, 'Aprobado'),
('JAJA130604MVZCRRA7', '2024-2025', 6, 'B', 0, 'Aprobado'),
('JIIG140922MVZMSDA0', '2024-2025', 5, 'B', 0, 'Aprobado'),
('JIMJ150601HVZMRSA6', '2024-2025', 4, 'B', 0, 'Aprobado'),
('JIOC180120HVZMRRA1', '2024-2025', 1, 'B', 0, 'Aprobado'),
('JUCF180323HVZRSRA0', '2024-2025', 1, 'C', 0, 'Aprobado'),
('JUCS141102HVZRRRA5', '2024-2025', 5, 'A', 0, 'Aprobado'),
('JUOE130320HVZRSMA7', '2024-2025', 6, 'B', 0, 'Aprobado'),
('JUPL130411HVZRRNA7', '2024-2025', 6, 'A', 0, 'Aprobado'),
('LACC150401HVZRLSA1', '2024-2025', 4, 'B', 0, 'Aprobado'),
('LADC161007HVZZLRA3', '2024-2025', 3, 'A', 0, 'Aprobado'),
('LADI140603HVZZMVA5', '2024-2025', 5, 'B', 0, 'Aprobado'),
('LADR170125HVZZMDA0', '2024-2025', 2, 'A', 0, 'Aprobado'),
('LAHL170323HVZZRSA5', '2024-2025', 2, 'B', 0, 'Aprobado'),
('LALP170322HVZRPBA7', '2024-2025', 2, 'B', 0, 'Aprobado'),
('LAPE181104MVZRLSA2', '2024-2025', 1, 'A', 0, 'Aprobado'),
('LELS181201HVZYYNA2', '2024-2025', 1, 'A', 0, 'Aprobado'),
('LIHA180423MVZBRNA3', '2024-2025', 1, 'B', 0, 'Aprobado'),
('LIVL140826MVZMCNA8', '2024-2025', 5, 'B', 0, 'Aprobado'),
('LOCL160319HVZPSMA6', '2024-2025', 3, 'B', 0, 'Aprobado'),
('LODY160618HVZPNLA3', '2024-2025', 3, 'B', 0, 'Aprobado'),
('LOOA130326MVZZRLA6', '2024-2025', 6, 'A', 0, 'Aprobado'),
('LORC141011HVZZVRA4', '2024-2025', 5, 'A', 0, 'Aprobado'),
('LUAT160701HVZNPHA1', '2024-2025', 3, 'B', 0, 'Aprobado'),
('LUCE170723HVZNRMA5', '2024-2025', 2, 'A', 0, 'Aprobado'),
('MACI131219MVZRMSA3', '2024-2025', 6, 'B', 0, 'Aprobado'),
('MADA150910HVZLRNA6', '2024-2025', 4, 'A', 0, 'Aprobado'),
('MADX140521MVZRRMA2', '2024-2025', 5, 'A', 0, 'Aprobado'),
('MAGM171007MVZRNGA2', '2024-2025', 2, 'B', 0, 'Aprobado'),
('MAHE150819HVZRRDA7', '2024-2025', 4, 'A', 0, 'Aprobado'),
('MALA160227HVZRZBA8', '2024-2025', 3, 'A', 0, 'Aprobado'),
('MALA161208HVZRPLA7', '2024-2025', 3, 'A', 0, 'Aprobado'),
('MAPN151027MVZRRDA2', '2024-2025', 4, 'B', 0, 'Aprobado'),
('MARJ170321HVZRMNA1', '2024-2025', 2, 'A', 0, 'Aprobado'),
('MASC180103MVZRNMA0', '2024-2025', 1, 'B', 0, 'Aprobado'),
('MASN130509MVZCLTA6', '2024-2025', 6, 'A', 0, 'Aprobado'),
('MASO130509HVZRCSA5', '2024-2025', 6, 'A', 0, 'Aprobado'),
('MATI170212HVZRRKA1', '2024-2025', 2, 'B', 0, 'Aprobado'),
('MATL180901MVZRLXA1', '2024-2025', 1, 'A', 0, 'Aprobado'),
('MATT161217HVZRLHA4', '2024-2025', 3, 'A', 0, 'Aprobado'),
('MATX170922MVZRRRA0', '2024-2025', 2, 'A', 0, 'Aprobado'),
('MAVE140314MVZRZSA0', '2024-2025', 5, 'B', 0, 'Aprobado'),
('MEGN150408MVZNLMA9', '2024-2025', 4, 'B', 0, 'Aprobado'),
('MEHE180814MVZDRMA3', '2024-2025', 1, 'A', 0, 'Aprobado'),
('MEMA170424MVZNRLA3', '2024-2025', 2, 'B', 0, 'Aprobado'),
('MEML150703MVZNRYA8', '2024-2025', 4, 'A', 0, 'Aprobado'),
('MERP140426MVZJBLA6', '2024-2025', 5, 'A', 0, 'Aprobado'),
('MEVE180423HDFDZDA0', '2024-2025', 1, 'A', 0, 'Aprobado'),
('MOLF140228MVZNPRA9', '2024-2025', 5, 'A', 0, 'Aprobado'),
('MOML151025MVZRNXA6', '2024-2025', 4, 'B', 0, 'Aprobado'),
('MOOB130405MVZRRRA0', '2024-2025', 6, 'B', 0, 'Aprobado'),
('MOQL140327MVZNHNA2', '2024-2025', 5, 'B', 0, 'Aprobado'),
('MOSM180630HVZRLTA1', '2024-2025', 1, 'C', 0, 'Aprobado'),
('MOVA150626MVZRNNA1', '2024-2025', 4, 'B', 0, 'Aprobado'),
('MUVD181116HVZNSNA9', '2024-2025', 1, 'A', 0, 'Aprobado'),
('MUVS150101HVZNSNA5', '2024-2025', 4, 'B', 0, 'Aprobado'),
('NASA140706HVZVNLA4', '2024-2025', 5, 'A', 0, 'Aprobado'),
('OERC150430HVZRMRA3', '2024-2025', 4, 'A', 0, 'Aprobado'),
('OERY170414HVZJSNA8', '2024-2025', 2, 'A', 0, 'Aprobado'),
('OIHL181207MVZRRSA7', '2024-2025', 1, 'C', 0, 'Aprobado'),
('OIJL160714MVZLRZA9', '2024-2025', 3, 'A', 0, 'Aprobado'),
('OISI180811MVZLNRA8', '2024-2025', 1, 'B', 0, 'Aprobado'),
('OORA160721MVZSMDA1', '2024-2025', 3, 'B', 0, 'Aprobado'),
('OOTE180620HVZNLBA3', '2024-2025', 1, 'C', 0, 'Aprobado'),
('OOTM150612HVZNLTA7', '2024-2025', 4, 'B', 0, 'Aprobado'),
('OUAD140709MVZLNLA8', '2024-2025', 5, 'A', 0, 'Aprobado'),
('OUAN171217MVZLNTA3', '2024-2025', 2, 'A', 0, 'Aprobado'),
('PACM170908MVZLRLA8', '2024-2025', 2, 'B', 0, 'Aprobado'),
('PAEG130701MVZLSLA9', '2024-2025', 6, 'A', 0, 'Aprobado'),
('PARC140627MVZLVLA7', '2024-2025', 5, 'B', 0, 'Aprobado'),
('PATL160623HVZLRMA3', '2024-2025', 3, 'B', 0, 'Aprobado'),
('PEGY180720HVZRMHA3', '2024-2025', 1, 'B', 0, 'Aprobado'),
('PEJA180906HVZXMNA6', '2024-2025', 1, 'A', 0, 'Aprobado'),
('PEJI161215HVZXMNA6', '2024-2025', 3, 'B', 0, 'Aprobado'),
('PELJ140811MVZRNSA5', '2024-2025', 5, 'A', 0, 'Aprobado'),
('PELN160606HVZRNCA7', '2024-2025', 3, 'B', 0, 'Aprobado'),
('PERK160630MVZRYRA8', '2024-2025', 3, 'A', 0, 'Aprobado'),
('PEVJ160613HVZRLRA8', '2024-2025', 3, 'B', 0, 'Aprobado'),
('PEVT130917MVZRLNA8', '2024-2025', 6, 'B', 0, 'Aprobado'),
('PICI130322HVZXRNA3', '2024-2025', 6, 'B', 0, 'Aprobado'),
('POMK130917MVZNRRA3', '2024-2025', 6, 'A', 0, 'Aprobado'),
('QURL180716MVZZYNA0', '2024-2025', 1, 'B', 0, 'Aprobado'),
('RACK180528HVZMBLA6', '2024-2025', 1, 'A', 0, 'Aprobado'),
('RAGM150103HVZMRCA9', '2024-2025', 4, 'A', 0, 'Aprobado'),
('RAOI160508HVZMRNA0', '2024-2025', 3, 'A', 0, 'Aprobado'),
('REGJ161220HVZZRRA9', '2024-2025', 3, 'B', 0, 'Aprobado'),
('REHA160211MVZYRTA0', '2024-2025', 3, 'A', 0, 'Aprobado'),
('RELL141013HVZYZNA8', '2024-2025', 5, 'B', 0, 'Aprobado'),
('REMJ170522HVZYRLA7', '2024-2025', 2, 'A', 0, 'Aprobado'),
('REVA171207MVZYLNA0', '2024-2025', 2, 'B', 0, 'Aprobado'),
('REVD130321MVZYLNA2', '2024-2025', 6, 'B', 0, 'Aprobado'),
('REVS160707MVZYLFA9', '2024-2025', 3, 'A', 0, 'Aprobado'),
('RIMC140518HVZVRHA6', '2024-2025', 5, 'B', 0, 'Aprobado'),
('RINT140707MVZVTHA9', '2024-2025', 5, 'A', 0, 'Aprobado'),
('ROBX130312MVZDRMA2', '2024-2025', 6, 'A', 0, 'Aprobado'),
('ROCI170802HVZJRKA5', '2024-2025', 2, 'B', 0, 'Aprobado'),
('RODB131213HVZMMRA6', '2024-2025', 6, 'B', 0, 'Aprobado'),
('ROGA170206HVZDMZA7', '2024-2025', 2, 'A', 0, 'Aprobado'),
('ROHM150926HVZJRTA4', '2024-2025', 4, 'B', 0, 'Aprobado'),
('ROHM170329HVZJRTA7', '2024-2025', 2, 'A', 0, 'Aprobado'),
('ROJM150908HVZMMTA3', '2024-2025', 4, 'B', 0, 'Aprobado'),
('ROMA180907MVZDNNA7', '2024-2025', 1, 'A', 0, 'Aprobado'),
('ROMY131129MVZCNLA6', '2024-2025', 6, 'A', 0, 'Aprobado'),
('ROOA130226HVZJRRA5', '2024-2025', 6, 'A', 0, 'Aprobado'),
('ROOA160912MVZSLTA7', '2024-2025', 3, 'A', 0, 'Aprobado'),
('ROOJ170108HVZMRSA3', '2024-2025', 2, 'B', 0, 'Aprobado'),
('ROOT130510HVZSLHA7', '2024-2025', 6, 'B', 0, 'Aprobado'),
('ROPV180507HBSDBCA7', '2024-2025', 1, 'B', 0, 'Aprobado'),
('RORA141001MVZMMRA8', '2024-2025', 5, 'A', 0, 'Aprobado'),
('RORK160417HVZDMRA1', '2024-2025', 3, 'B', 0, 'Aprobado'),
('ROVA151228HVZJLNA0', '2024-2025', 4, 'B', 0, 'Aprobado'),
('RUDC130708HVZZZHA8', '2024-2025', 6, 'A', 0, 'Aprobado'),
('SAAC160318HVZNRRA4', '2024-2025', 3, 'B', 0, 'Aprobado'),
('SAAR180422MVZNGNA4', '2024-2025', 1, 'B', 0, 'Aprobado'),
('SABE140719MVZNSVA5', '2024-2025', 5, 'B', 0, 'Aprobado'),
('SABV131228MVZLRNA1', '2024-2025', 6, 'A', 0, 'Aprobado'),
('SACB150227HVZNRRA0', '2024-2025', 4, 'A', 0, 'Aprobado'),
('SACE130615MVZNRLA6', '2024-2025', 6, 'B', 0, 'Aprobado'),
('SACG150129MDFNHNA6', '2024-2025', 4, 'B', 0, 'Aprobado'),
('SADO140122HVZLRWA8', '2024-2025', 5, 'A', 0, 'Aprobado'),
('SAFM171222HVZNRTA8', '2024-2025', 2, 'B', 0, 'Aprobado'),
('SAGF130926MVZNRLA5', '2024-2025', 6, 'A', 0, 'Aprobado'),
('SAMB130620HVZNRNA0', '2024-2025', 6, 'A', 0, 'Aprobado'),
('SAMB170307HVZNNSA0', '2024-2025', 2, 'B', 0, 'Aprobado'),
('SAMG130103HVZNRVA6', '2024-2025', 6, 'A', 0, 'Aprobado'),
('SAMR130630MVZNRNA5', '2024-2025', 6, 'B', 0, 'Aprobado'),
('SAMV130617MVZNRCA5', '2024-2025', 6, 'B', 0, 'Aprobado'),
('SAPH181126HVZNRGA1', '2024-2025', 1, 'C', 0, 'Aprobado'),
('SAZS170127MVZLRTA5', '2024-2025', 2, 'B', 0, 'Aprobado'),
('SEEI170620MVZNSVA2', '2024-2025', 2, 'A', 0, 'Aprobado'),
('SILL131218HVZLCSA6', '2024-2025', 6, 'A', 0, 'Aprobado'),
('SILR150416MVZLCMA4', '2024-2025', 4, 'A', 0, 'Aprobado'),
('SOAK180214MVZRRRA5', '2024-2025', 1, 'C', 0, 'Aprobado'),
('SOJI181225HVZLSKA5', '2024-2025', 1, 'A', 0, 'Aprobado'),
('SOJS141215HVZLSNA3', '2024-2025', 5, 'B', 0, 'Aprobado'),
('SOMM180713MVZTLXA7', '2024-2025', 1, 'A', 0, 'Aprobado'),
('SORZ160819HVZLQRA1', '2024-2025', 3, 'B', 0, 'Aprobado'),
('TECD170406HVZTSNA1', '2024-2025', 2, 'B', 0, 'Aprobado'),
('TECV151021MVZTSNA9', '2024-2025', 4, 'A', 0, 'Aprobado'),
('TIMA140731MVZRRRA8', '2024-2025', 5, 'B', 0, 'Aprobado'),
('TOCR130304HVZRRFA8', '2024-2025', 6, 'B', 0, 'Aprobado'),
('UINV160305MVZRRLA7', '2024-2025', 3, 'A', 0, 'Aprobado'),
('VAAM140314MVZSLRA0', '2024-2025', 5, 'A', 0, 'Aprobado'),
('VAAM160727MVZLNYA4', '2024-2025', 3, 'A', 0, 'Aprobado'),
('VAGL181016HVZLNNA7', '2024-2025', 1, 'B', 0, 'Aprobado'),
('VAGN130408MVZSNCA5', '2024-2025', 6, 'B', 0, 'Aprobado'),
('VAHA130416MVZSRRA4', '2024-2025', 6, 'B', 0, 'Aprobado'),
('VARL160905MVZLDCA6', '2024-2025', 3, 'B', 0, 'Aprobado'),
('VEEL180509MVZRLSA6', '2024-2025', 1, 'B', 0, 'Aprobado'),
('VEFA170520MVZLLNA2', '2024-2025', 2, 'B', 0, 'Aprobado'),
('VEFI140417HVZLLSA1', '2024-2025', 5, 'A', 0, 'Aprobado'),
('VEMS160805HVZLRNA2', '2024-2025', 3, 'A', 0, 'Aprobado'),
('VIVM120515HVZVRSA1', '2024-2025', 6, 'A', 0, 'Aprobado'),
('YOGM160521HVZNVNA5', '2024-2025', 3, 'B', 0, 'Aprobado'),
('ZECK130506MVZTSRA4', '2024-2025', 6, 'A', 0, 'Aprobado'),
('ZERA170211MVZPVRA2', '2024-2025', 2, 'A', 0, 'Aprobado'),
('ZOAJ180815MVZPLDA2', '2024-2025', 1, 'C', 0, 'Aprobado');

-- --------------------------------------------------------

--
-- Estructura de tabla para la tabla `inscripciones`
--

CREATE TABLE `inscripciones` (
  `id` int(11) NOT NULL,
  `curp_alumno` char(18) DEFAULT NULL,
  `id_grupo` int(11) DEFAULT NULL,
  `ciclo` varchar(9) DEFAULT NULL,
  `folio` varchar(20) NOT NULL,
  `fecha_inscripcion` datetime DEFAULT current_timestamp(),
  `fecha_modificacion` datetime DEFAULT NULL ON UPDATE current_timestamp()
) ENGINE=InnoDB DEFAULT CHARSET=utf8mb4 COLLATE=utf8mb4_unicode_ci;

--
-- Volcado de datos para la tabla `inscripciones`
--

INSERT INTO `inscripciones` (`id`, `curp_alumno`, `id_grupo`, `ciclo`, `folio`, `fecha_inscripcion`, `fecha_modificacion`) VALUES
(4, 'CURP12345678901234', NULL, '2025-2026', 'INS20250310134342988', '2025-03-10 10:43:42', '2025-03-10 20:57:30'),
(5, 'RACK180528HVZMBLA6', NULL, '2025-2026', 'INS20250310182406623', '2025-03-10 15:24:06', '2025-03-10 15:25:54'),
(6, NULL, 4, '2025-2026', 'INS20250311012524100', '2025-03-10 22:25:24', NULL);

-- --------------------------------------------------------

--
-- Estructura de tabla para la tabla `logs`
--

CREATE TABLE `logs` (
  `id` int(11) NOT NULL,
  `usuario` varchar(50) DEFAULT NULL,
  `accion` varchar(100) DEFAULT NULL,
  `detalle` text DEFAULT NULL,
  `fecha` timestamp NOT NULL DEFAULT current_timestamp()
) ENGINE=MyISAM DEFAULT CHARSET=utf8mb4 COLLATE=utf8mb4_unicode_ci;

-- --------------------------------------------------------

--
-- Estructura de tabla para la tabla `operaciones_pendientes`
--

CREATE TABLE `operaciones_pendientes` (
  `id` int(11) NOT NULL,
  `id_usuario` int(11) DEFAULT NULL,
  `tipo_operacion` enum('Alta','Baja','Modificacion') NOT NULL,
  `tabla_afectada` varchar(50) NOT NULL,
  `datos_json` longtext CHARACTER SET utf8mb4 COLLATE utf8mb4_bin NOT NULL
) ;

-- --------------------------------------------------------

--
-- Estructura de tabla para la tabla `periodos_inscripcion`
--

CREATE TABLE `periodos_inscripcion` (
  `id` int(11) NOT NULL,
  `ciclo` varchar(9) DEFAULT NULL,
  `fecha_inicio` date NOT NULL,
  `fecha_fin` date NOT NULL,
  `hora_inicio` time NOT NULL,
  `hora_fin` time NOT NULL
) ENGINE=InnoDB DEFAULT CHARSET=utf8mb4 COLLATE=utf8mb4_unicode_ci;

--
-- Volcado de datos para la tabla `periodos_inscripcion`
--

INSERT INTO `periodos_inscripcion` (`id`, `ciclo`, `fecha_inicio`, `fecha_fin`, `hora_inicio`, `hora_fin`) VALUES
(1, '2025-2026', '2025-02-25', '2025-02-27', '08:00:00', '20:00:00');

-- --------------------------------------------------------

--
-- Estructura de tabla para la tabla `sesiones_activas`
--

CREATE TABLE `sesiones_activas` (
  `id` int(11) NOT NULL,
  `curp_alumno` varchar(18) NOT NULL,
  `session_id` varchar(255) NOT NULL,
  `last_activity` datetime DEFAULT current_timestamp()
) ENGINE=MyISAM DEFAULT CHARSET=utf8mb4 COLLATE=utf8mb4_unicode_ci;

-- --------------------------------------------------------

--
-- Estructura de tabla para la tabla `usuarios`
--

CREATE TABLE `usuarios` (
  `id` int(11) NOT NULL,
  `usuario` varchar(50) NOT NULL,
  `contrasena` varchar(255) NOT NULL,
  `es_admin` tinyint(1) DEFAULT 0,
  `session_id` varchar(255) DEFAULT NULL
) ENGINE=InnoDB DEFAULT CHARSET=utf8mb4 COLLATE=utf8mb4_unicode_ci;

--
-- Volcado de datos para la tabla `usuarios`
--

INSERT INTO `usuarios` (`id`, `usuario`, `contrasena`, `es_admin`, `session_id`) VALUES
(1, 'admin', '$2y$10$AW7WN9YZk2xyse/qf1P9oeynvt6O.0VSWUcUoK/O0LHo5BRBdlqk2', 1, NULL);

--
-- Índices para tablas volcadas
--

--
-- Indices de la tabla `alumnos`
--
ALTER TABLE `alumnos`
  ADD PRIMARY KEY (`curp`),
  ADD UNIQUE KEY `niev` (`niev`);

--
-- Indices de la tabla `cambios_pendientes`
--
ALTER TABLE `cambios_pendientes`
  ADD PRIMARY KEY (`id`),
  ADD KEY `curp_alumno` (`curp_alumno`);

--
-- Indices de la tabla `ciclos_escolares`
--
ALTER TABLE `ciclos_escolares`
  ADD PRIMARY KEY (`nombre`);

--
-- Indices de la tabla `docentes`
--
ALTER TABLE `docentes`
  ADD PRIMARY KEY (`id`);

--
-- Indices de la tabla `grupos`
--
ALTER TABLE `grupos`
  ADD PRIMARY KEY (`id`),
  ADD KEY `id_docente` (`id_docente`),
  ADD KEY `ciclo` (`ciclo`);

--
-- Indices de la tabla `historico`
--
ALTER TABLE `historico`
  ADD PRIMARY KEY (`curp_alumno`,`ciclo`),
  ADD KEY `ciclo` (`ciclo`);

--
-- Indices de la tabla `inscripciones`
--
ALTER TABLE `inscripciones`
  ADD PRIMARY KEY (`id`),
  ADD UNIQUE KEY `folio` (`folio`),
  ADD KEY `curp_alumno` (`curp_alumno`),
  ADD KEY `id_grupo` (`id_grupo`),
  ADD KEY `ciclo` (`ciclo`);

--
-- Indices de la tabla `logs`
--
ALTER TABLE `logs`
  ADD PRIMARY KEY (`id`);

--
-- Indices de la tabla `periodos_inscripcion`
--
ALTER TABLE `periodos_inscripcion`
  ADD PRIMARY KEY (`id`),
  ADD KEY `ciclo` (`ciclo`);

--
-- Indices de la tabla `sesiones_activas`
--
ALTER TABLE `sesiones_activas`
  ADD PRIMARY KEY (`id`),
  ADD KEY `curp_alumno` (`curp_alumno`);

--
-- Indices de la tabla `usuarios`
--
ALTER TABLE `usuarios`
  ADD PRIMARY KEY (`id`),
  ADD UNIQUE KEY `usuario` (`usuario`);

--
-- AUTO_INCREMENT de las tablas volcadas
--

--
-- AUTO_INCREMENT de la tabla `cambios_pendientes`
--
ALTER TABLE `cambios_pendientes`
  MODIFY `id` int(11) NOT NULL AUTO_INCREMENT, AUTO_INCREMENT=7;

--
-- AUTO_INCREMENT de la tabla `configuracion`
--
ALTER TABLE `configuracion`
  MODIFY `id` int(11) NOT NULL AUTO_INCREMENT;

--
-- AUTO_INCREMENT de la tabla `docentes`
--
ALTER TABLE `docentes`
  MODIFY `id` int(11) NOT NULL AUTO_INCREMENT, AUTO_INCREMENT=3;

--
-- AUTO_INCREMENT de la tabla `grupos`
--
ALTER TABLE `grupos`
  MODIFY `id` int(11) NOT NULL AUTO_INCREMENT, AUTO_INCREMENT=6;

--
-- AUTO_INCREMENT de la tabla `inscripciones`
--
ALTER TABLE `inscripciones`
  MODIFY `id` int(11) NOT NULL AUTO_INCREMENT, AUTO_INCREMENT=7;

--
-- AUTO_INCREMENT de la tabla `logs`
--
ALTER TABLE `logs`
  MODIFY `id` int(11) NOT NULL AUTO_INCREMENT;

--
-- AUTO_INCREMENT de la tabla `operaciones_pendientes`
--
ALTER TABLE `operaciones_pendientes`
  MODIFY `id` int(11) NOT NULL AUTO_INCREMENT;

--
-- AUTO_INCREMENT de la tabla `periodos_inscripcion`
--
ALTER TABLE `periodos_inscripcion`
  MODIFY `id` int(11) NOT NULL AUTO_INCREMENT, AUTO_INCREMENT=2;

--
-- AUTO_INCREMENT de la tabla `sesiones_activas`
--
ALTER TABLE `sesiones_activas`
  MODIFY `id` int(11) NOT NULL AUTO_INCREMENT;

--
-- AUTO_INCREMENT de la tabla `usuarios`
--
ALTER TABLE `usuarios`
  MODIFY `id` int(11) NOT NULL AUTO_INCREMENT, AUTO_INCREMENT=2;

--
-- Restricciones para tablas volcadas
--

--
-- Filtros para la tabla `grupos`
--
ALTER TABLE `grupos`
  ADD CONSTRAINT `grupos_ibfk_1` FOREIGN KEY (`id_docente`) REFERENCES `docentes` (`id`),
  ADD CONSTRAINT `grupos_ibfk_2` FOREIGN KEY (`ciclo`) REFERENCES `ciclos_escolares` (`nombre`);

--
-- Filtros para la tabla `historico`
--
ALTER TABLE `historico`
  ADD CONSTRAINT `historico_ibfk_1` FOREIGN KEY (`curp_alumno`) REFERENCES `alumnos` (`curp`),
  ADD CONSTRAINT `historico_ibfk_2` FOREIGN KEY (`ciclo`) REFERENCES `ciclos_escolares` (`nombre`);

--
-- Filtros para la tabla `inscripciones`
--
ALTER TABLE `inscripciones`
  ADD CONSTRAINT `inscripciones_ibfk_1` FOREIGN KEY (`curp_alumno`) REFERENCES `alumnos` (`curp`),
  ADD CONSTRAINT `inscripciones_ibfk_2` FOREIGN KEY (`id_grupo`) REFERENCES `grupos` (`id`),
  ADD CONSTRAINT `inscripciones_ibfk_3` FOREIGN KEY (`ciclo`) REFERENCES `ciclos_escolares` (`nombre`);

--
-- Filtros para la tabla `periodos_inscripcion`
--
ALTER TABLE `periodos_inscripcion`
  ADD CONSTRAINT `periodos_inscripcion_ibfk_1` FOREIGN KEY (`ciclo`) REFERENCES `ciclos_escolares` (`nombre`);
COMMIT;

/*!40101 SET CHARACTER_SET_CLIENT=@OLD_CHARACTER_SET_CLIENT */;
/*!40101 SET CHARACTER_SET_RESULTS=@OLD_CHARACTER_SET_RESULTS */;
/*!40101 SET COLLATION_CONNECTION=@OLD_COLLATION_CONNECTION */;
